Bahrain International Circuit, 26.03230, 50.51089
Jeddah Corniche Circuit, 21.63199, 39.10540
Albert Park Grand Prix Circuit, -37.85009, 144.97069
Suzuka Circuit, 34.84500, 136.53866
Shanghai International Circuit, 31.33959, 121.22278
Miami International Autodrome, 29.95983, -0.23703
Autodromo Internazionale Enzo e Dino Ferrari, 44.34500, 11.71677
Circuit de Monaco, 43.73438, 7.42290
Circuit Gilles Villeneuve, 45.50159, -73.52114
Circuit de Barcelona-Catalunya, 41.56974, 2.25925
Red Bull Ring, 47.21981, 14.76597
Silverstone Circuit, 52.07374, -1.02156
Hungaroring, 47.58002, 19.24845
Circuit de Spa-Francorchamps, 50.44198, 5.96804
Circuit Zandvoort, 52.38923, 4.54114
Autodromo Nazionale Monza, 45.61769, 9.28251
Baku City Circuit, 40.37309, 49.85432
Marina Bay Street Circuit, 1.29162, 103.86526
Circuit of the Americas, 30.13312, -97.63973
Autodromo Hermanos Rodriguez, 19.40578, -99.09121
Autodromo Jose Carlos Pace, -23.70448, -46.69868
Las Vegas Strip Circuit, 36.10996, -115.16088
Lusail International Circuit, 25.48891, 51.45173
Yas Marina Circuit, 24.46992, 54.60703


